{"cameraMode":{"drawMode":0,"name":"Shaded","section":"Shading Mode"},"sceneLighting":true,"audioPlay":false,"sceneViewState":{"showFog":false,"showMaterialUpdate":false,"showSkybox":true,"showFlares":false,"showImageEffects":false,"showParticleSystems":false},"in2DMode":false,"pivot":{"x":-0.23096826672554017,"y":0.271077036857605,"z":-0.9132533669471741},"rotation":{"x":0.22816522419452668,"y":0.04087868705391884,"z":-0.009588985703885556,"w":0.9727219939231873},"size":16.65866470336914,"orthographic":false}