{"cameraMode":{"drawMode":0,"name":"Shaded","section":"Shading Mode"},"sceneLighting":true,"audioPlay":false,"sceneViewState":{"showFog":true,"showMaterialUpdate":false,"showSkybox":true,"showFlares":true,"showImageEffects":true,"showParticleSystems":true},"in2DMode":false,"pivot":{"x":-6.205248832702637,"y":-0.02696990966796875,"z":-11.040243148803711},"rotation":{"x":0.7081670165061951,"y":-0.0010590158635750414,"z":0.001062398892827332,"w":0.7060456871986389},"size":27.157108306884767,"orthographic":false}