{"cameraMode":{"drawMode":0,"name":"Shaded","section":"Shading Mode"},"sceneLighting":false,"audioPlay":false,"sceneViewState":{"showFog":true,"showMaterialUpdate":false,"showSkybox":false,"showFlares":true,"showImageEffects":true,"showParticleSystems":true},"in2DMode":false,"pivot":{"x":50.58903503417969,"y":-1.471954107284546,"z":23.531185150146486},"rotation":{"x":0.7060459852218628,"y":-1.5674407549681747e-8,"z":8.169434906335482e-9,"w":0.7081670165061951},"size":10.63427448272705,"orthographic":true}