{"cameraMode":{"drawMode":0,"name":"Shaded","section":"Shading Mode"},"sceneLighting":true,"audioPlay":false,"sceneViewState":{"showFog":true,"showMaterialUpdate":false,"showSkybox":false,"showFlares":true,"showImageEffects":true,"showParticleSystems":true},"in2DMode":false,"pivot":{"x":0.7304964065551758,"y":1.0447969436645508,"z":0.3326587677001953},"rotation":{"x":0.7128186225891113,"y":-0.00042357618804089725,"z":0.0004251959908287972,"w":0.7013604044914246},"size":15.052387237548829,"orthographic":false}