{"cameraMode":{"drawMode":0,"name":"Shaded","section":"Shading Mode"},"sceneLighting":true,"audioPlay":false,"sceneViewState":{"showFog":true,"showMaterialUpdate":false,"showSkybox":false,"showFlares":true,"showImageEffects":true,"showParticleSystems":true},"in2DMode":false,"pivot":{"x":-26.310134887695314,"y":1.080099105834961,"z":-15.484367370605469},"rotation":{"x":0.7178307771682739,"y":-0.003968317527323961,"z":0.00409167492762208,"w":0.6961951851844788},"size":18.186532974243165,"orthographic":false}