{"cameraMode":{"drawMode":0,"name":"Shaded","section":"Shading Mode"},"sceneLighting":false,"audioPlay":false,"sceneViewState":{"showFog":false,"showMaterialUpdate":false,"showSkybox":false,"showFlares":false,"showImageEffects":false,"showParticleSystems":false},"in2DMode":false,"pivot":{"x":-0.04995644837617874,"y":0.027450866997241975,"z":-0.044606201350688937},"rotation":{"x":-0.1550733596086502,"y":0.010370342060923577,"z":-0.0016275332309305668,"w":-0.9878519773483276},"size":12.1732177734375,"orthographic":false}